﻿{"inkVersion":11,"root":[[["^I looked at Monsieur Fogg","\n",["ev","str",{"f()":".^.s"},"/str","/ev",{"*":".^.c","flg":18},{"s":["^... and I could contain myself no longer.",null],"c":[{"f()":".^.^.s"},"\n","^'What is the purpose of our journey, Monsieur?'","\n","^'A wager,' he replied.","\n",[["ev","str",{"f()":".^.s"},"/str","/ev",{"*":".^.c","flg":18},{"s":["^'A wager!'",null],"c":[{"f()":".^.^.s"},"^ I returned.","\n","\n","^He nodded.","\n",[["ev","str",{"f()":".^.s"},"/str","/ev",{"*":".^.c","flg":18},{"s":["^'But surely that is foolishness!'",null],"c":[{"f()":".^.^.s"},"\n",{"->":".^.^.^.g-0"},{"#f":7}]}],["ev","str",{"f()":".^.s"},"/str","/ev",{"*":".^.c","flg":18},{"s":["^'A most serious matter then!'",null],"c":[{"f()":".^.^.s"},"\n",{"->":".^.^.^.g-0"},{"#f":7}]}],{"g-0":["^He nodded again.","\n",["ev","str",{"f()":".^.s"},"/str","/ev",{"*":".^.c","flg":18},{"s":["^'But can we win?'",null],"c":[{"f()":".^.^.s"},"\n","^'That is what we will endeavour to find out,' he answered.","\n",{"->":"0.g-0.2.c.6.g-0"},{"#f":7}]}],["ev","str",{"f()":".^.s"},"/str","/ev",{"*":".^.c","flg":18},{"s":["^'A modest wager, I trust?'",null],"c":[{"f()":".^.^.s"},"\n","^'Twenty thousand pounds,' he replied, quite flatly.","\n",{"->":"0.g-0.2.c.6.g-0"},{"#f":7}]}],["ev","str",{"f()":".^.s"},"/str","str","^.","/str","/ev",{"*":".^.c","flg":22},{"s":["^I asked nothing further of him then",null],"c":[{"f()":".^.^.s"},"^, and after a final, polite cough, he offered nothing more to me. ","<>","\n","\n",{"->":"0.g-0.2.c.6.g-0"},{"#f":7}]}],{"#f":7}]}],{"#f":7}]}],["ev","str",{"f()":".^.s"},"/str","str","^.'","/str","/ev",{"*":".^.c","flg":22},{"s":["^'Ah",null],"c":[{"f()":".^.^.s"},"^,' I replied, uncertain what I thought.","\n","\n",{"->":".^.^.^.g-0"},{"#f":7}]}],{"g-0":["^After that, ","<>","\n",{"->":"0.g-0.g-1"},{"#f":7}]}],{"#f":7}]}],["ev","str",{"f()":".^.s"},"/str","/ev",{"*":".^.c","flg":18},{"s":["^... but I said nothing",null],"c":[{"f()":".^.^.s"},"^ and ","<>","\n","\n",{"->":"0.g-0.g-1"},{"#f":7}]}],{"g-1":["^we passed the day in silence.","\n",["end",{"#f":7,"#n":"g-2"}],{"#f":7}],"#f":7,"#n":"g-0"}],null],"done",{"#f":3}]}