﻿{"inkVersion":11,"root":[["^Intensivstation, haucht <color=#00ffffff>Anna</color>, als ich ihr was ich gesehen habe ...","\n",["ev","str",{"f()":".^.s"},"/str","/ev",{"*":".^.c","flg":18},{"s":["^Umarmen lassen",null],"c":[{"f()":"0.2.s"},"\n",{"#f":7}]}],["ev","str",{"f()":".^.s"},"/str","/ev",{"*":".^.c","flg":18},{"s":["^Weinen",null],"c":[{"f()":"0.3.s"},"\n",{"#f":7}]}],["ev","str",{"f()":".^.s"},"/str","/ev",{"*":".^.c","flg":18},{"s":["^Warum?",null],"c":[{"f()":"0.4.s"},"\n",{"#f":7}]}],null],"done",{"#f":3}]}